-- MySQL Script generated by MySQL Workbench
-- Mon Jan 13 14:02:37 2025
-- Model: New Model    Version: 1.0
-- MySQL Workbench Forward Engineering

SET @OLD_UNIQUE_CHECKS=@@UNIQUE_CHECKS, UNIQUE_CHECKS=0;
SET @OLD_FOREIGN_KEY_CHECKS=@@FOREIGN_KEY_CHECKS, FOREIGN_KEY_CHECKS=0;
SET @OLD_SQL_MODE=@@SQL_MODE, SQL_MODE='ONLY_FULL_GROUP_BY,STRICT_TRANS_TABLES,NO_ZERO_IN_DATE,NO_ZERO_DATE,ERROR_FOR_DIVISION_BY_ZERO,NO_ENGINE_SUBSTITUTION';

-- -----------------------------------------------------
-- Schema pant_db
-- -----------------------------------------------------
DROP SCHEMA IF EXISTS `pant_db` ;

-- -----------------------------------------------------
-- Schema pant_db
-- -----------------------------------------------------
CREATE SCHEMA IF NOT EXISTS `pant_db` ;
USE `pant_db` ;

-- -----------------------------------------------------
-- Table `pant_db`.`role`
-- -----------------------------------------------------
DROP TABLE IF EXISTS `pant_db`.`role` ;

CREATE TABLE IF NOT EXISTS `pant_db`.`role` (
  `id` INT NOT NULL AUTO_INCREMENT,
  `nom` VARCHAR(45) NOT NULL,
  `date_creer` DATETIME NULL DEFAULT CURRENT_TIMESTAMP,
  `date_maj` DATETIME NULL DEFAULT NULL ON UPDATE CURRENT_TIMESTAMP,
  PRIMARY KEY (`id`))
ENGINE = InnoDB;


-- -----------------------------------------------------
-- Table `pant_db`.`vehicule_type`
-- -----------------------------------------------------
DROP TABLE IF EXISTS `pant_db`.`vehicule_type` ;

CREATE TABLE IF NOT EXISTS `pant_db`.`vehicule_type` (
  `id` INT NOT NULL AUTO_INCREMENT,
  `nom` VARCHAR(45) NOT NULL,
  `date_creer` DATETIME NULL DEFAULT CURRENT_TIMESTAMP,
  `date_maj` DATETIME NULL DEFAULT NULL ON UPDATE CURRENT_TIMESTAMP,
  PRIMARY KEY (`id`))
ENGINE = InnoDB;


-- -----------------------------------------------------
-- Table `pant_db`.`vehicule`
-- -----------------------------------------------------
DROP TABLE IF EXISTS `pant_db`.`vehicule` ;

CREATE TABLE IF NOT EXISTS `pant_db`.`vehicule` (
  `id` INT NOT NULL AUTO_INCREMENT,
  `nom` VARCHAR(45) NOT NULL,
  `id_vehicule_type` INT NULL,
  `date_creer` DATETIME NULL DEFAULT CURRENT_TIMESTAMP,
  `date_maj` DATETIME NULL DEFAULT NULL ON UPDATE CURRENT_TIMESTAMP,
  PRIMARY KEY (`id`),
  INDEX `id_vehicule_type_idx` (`id_vehicule_type` ASC),
  CONSTRAINT `fk_vehicule_id_vehicule_type`
    FOREIGN KEY (`id_vehicule_type`)
    REFERENCES `pant_db`.`vehicule_type` (`id`)
    ON DELETE SET NULL
    ON UPDATE NO ACTION)
ENGINE = InnoDB;


-- -----------------------------------------------------
-- Table `pant_db`.`utilisateur`
-- -----------------------------------------------------
DROP TABLE IF EXISTS `pant_db`.`utilisateur` ;

CREATE TABLE IF NOT EXISTS `pant_db`.`utilisateur` (
  `id` INT NOT NULL AUTO_INCREMENT,
  `prenom` VARCHAR(45) NULL,
  `nom` VARCHAR(45) NOT NULL,
  `tel_mobile` VARCHAR(45) NOT NULL,
  `tel_fix` VARCHAR(45) NULL,
  `mail` VARCHAR(45) NOT NULL,
  `parametre` JSON NOT NULL,
  `points_fidelite` INT NOT NULL DEFAULT 0,
  `id_role` INT NOT NULL,
  `id_vehicule` INT NULL,
  `date_creer` DATETIME NULL DEFAULT CURRENT_TIMESTAMP,
  `date_maj` DATETIME NULL DEFAULT NULL ON UPDATE CURRENT_TIMESTAMP,
  PRIMARY KEY (`id`),
  UNIQUE INDEX `id_UNIQUE` (`id` ASC),
  INDEX `id_role_idx` (`id_role` ASC),
  INDEX `id_vehicule_idx` (`id_vehicule` ASC),
  CONSTRAINT `fk_utilisateur_id_role`
    FOREIGN KEY (`id_role`)
    REFERENCES `pant_db`.`role` (`id`)
    ON DELETE NO ACTION
    ON UPDATE NO ACTION,
  CONSTRAINT `fk_utilisateur_id_vehicule`
    FOREIGN KEY (`id_vehicule`)
    REFERENCES `pant_db`.`vehicule` (`id`)
    ON DELETE SET NULL
    ON UPDATE NO ACTION)
ENGINE = InnoDB;


-- -----------------------------------------------------
-- Table `pant_db`.`ville`
-- -----------------------------------------------------
DROP TABLE IF EXISTS `pant_db`.`ville` ;

CREATE TABLE IF NOT EXISTS `pant_db`.`ville` (
  `id` INT NOT NULL AUTO_INCREMENT,
  `nom` VARCHAR(45) NOT NULL,
  `code_postal` VARCHAR(45) NOT NULL,
  `date_creer` DATETIME NULL DEFAULT CURRENT_TIMESTAMP,
  `date_maj` DATETIME NULL DEFAULT NULL ON UPDATE CURRENT_TIMESTAMP,
  PRIMARY KEY (`id`))
ENGINE = InnoDB;


-- -----------------------------------------------------
-- Table `pant_db`.`adresse`
-- -----------------------------------------------------
DROP TABLE IF EXISTS `pant_db`.`adresse` ;

CREATE TABLE IF NOT EXISTS `pant_db`.`adresse` (
  `id` INT NOT NULL AUTO_INCREMENT,
  `numero` VARCHAR(45) NOT NULL,
  `rue` VARCHAR(45) NOT NULL,
  `complement` VARCHAR(45) NULL,
  `longitude` DOUBLE NULL,
  `latitude` DOUBLE NULL,
  `id_ville` INT NOT NULL,
  `date_creer` DATETIME NULL DEFAULT CURRENT_TIMESTAMP,
  `date_maj` DATETIME NULL DEFAULT NULL ON UPDATE CURRENT_TIMESTAMP,
  PRIMARY KEY (`id`),
  INDEX `id_ville_idx` (`id_ville` ASC),
  CONSTRAINT `fk_adresse_id_ville`
    FOREIGN KEY (`id_ville`)
    REFERENCES `pant_db`.`ville` (`id`)
    ON DELETE CASCADE
    ON UPDATE NO ACTION)
ENGINE = InnoDB;


-- -----------------------------------------------------
-- Table `pant_db`.`restaurant`
-- -----------------------------------------------------
DROP TABLE IF EXISTS `pant_db`.`restaurant` ;

CREATE TABLE IF NOT EXISTS `pant_db`.`restaurant` (
  `id` INT NOT NULL AUTO_INCREMENT,
  `nom` VARCHAR(45) NOT NULL,
  `telephone` VARCHAR(45) NOT NULL,
  `capacite` INT NOT NULL,
  `photo` VARCHAR(45) NULL,
  `id_adresse` INT NULL,
  `id_restaurateur` INT NULL,
  `date_creer` DATETIME NULL DEFAULT CURRENT_TIMESTAMP,
  `date_maj` DATETIME NULL DEFAULT NULL ON UPDATE CURRENT_TIMESTAMP,
  PRIMARY KEY (`id`),
  INDEX `id_adresse_idx` (`id_adresse` ASC),
  INDEX `fk_restaurant_id_restaurateur_idx` (`id_restaurateur` ASC),
  CONSTRAINT `fk_restaurant_id_adresse`
    FOREIGN KEY (`id_adresse`)
    REFERENCES `pant_db`.`adresse` (`id`)
    ON DELETE SET NULL
    ON UPDATE NO ACTION,
  CONSTRAINT `fk_restaurant_id_restaurateur`
    FOREIGN KEY (`id_restaurateur`)
    REFERENCES `pant_db`.`utilisateur` (`id`)
    ON DELETE SET NULL
    ON UPDATE NO ACTION)
ENGINE = InnoDB;


-- -----------------------------------------------------
-- Table `pant_db`.`paiement_type`
-- -----------------------------------------------------
DROP TABLE IF EXISTS `pant_db`.`paiement_type` ;

CREATE TABLE IF NOT EXISTS `pant_db`.`paiement_type` (
  `id` INT NOT NULL AUTO_INCREMENT,
  `nom` VARCHAR(45) NOT NULL,
  `date_creer` DATETIME NULL DEFAULT CURRENT_TIMESTAMP,
  `date_maj` DATETIME NULL DEFAULT NULL ON UPDATE CURRENT_TIMESTAMP,
  PRIMARY KEY (`id`))
ENGINE = InnoDB;


-- -----------------------------------------------------
-- Table `pant_db`.`paiement_etat`
-- -----------------------------------------------------
DROP TABLE IF EXISTS `pant_db`.`paiement_etat` ;

CREATE TABLE IF NOT EXISTS `pant_db`.`paiement_etat` (
  `id` INT NOT NULL AUTO_INCREMENT,
  `nom` VARCHAR(45) NOT NULL,
  `date_creer` DATETIME NULL DEFAULT CURRENT_TIMESTAMP,
  `date_maj` DATETIME NULL DEFAULT NULL ON UPDATE CURRENT_TIMESTAMP,
  PRIMARY KEY (`id`))
ENGINE = InnoDB;


-- -----------------------------------------------------
-- Table `pant_db`.`paiement`
-- -----------------------------------------------------
DROP TABLE IF EXISTS `pant_db`.`paiement` ;

CREATE TABLE IF NOT EXISTS `pant_db`.`paiement` (
  `id` INT NOT NULL AUTO_INCREMENT,
  `id_paiement_type` INT NULL,
  `id_paiement_etat` INT NULL,
  `date_creer` DATETIME NULL DEFAULT CURRENT_TIMESTAMP,
  `date_maj` DATETIME NULL DEFAULT NULL ON UPDATE CURRENT_TIMESTAMP,
  PRIMARY KEY (`id`),
  INDEX `id_methode_paiement_idx` (`id_paiement_type` ASC),
  INDEX `fk_paiement_id_paiement_etat_idx` (`id_paiement_etat` ASC),
  CONSTRAINT `fk_paiement_id_paiement_type`
    FOREIGN KEY (`id_paiement_type`)
    REFERENCES `pant_db`.`paiement_type` (`id`)
    ON DELETE SET NULL
    ON UPDATE NO ACTION,
  CONSTRAINT `fk_paiement_id_paiement_etat`
    FOREIGN KEY (`id_paiement_etat`)
    REFERENCES `pant_db`.`paiement_etat` (`id`)
    ON DELETE SET NULL
    ON UPDATE NO ACTION)
ENGINE = InnoDB;



-- -----------------------------------------------------
-- Table `pant_db`.`commande`
-- -----------------------------------------------------
DROP TABLE IF EXISTS `pant_db`.`commande` ;

CREATE TABLE IF NOT EXISTS `pant_db`.`commande` (
  `id` INT NOT NULL AUTO_INCREMENT,
  `id_paiement` INT NULL,
  `id_utilisateur_client` INT NULL,
  `id_utilisateur_livreur` INT NULL,
  `id_adresse` INT NULL,
  `date_creer` DATETIME NULL DEFAULT CURRENT_TIMESTAMP,
  `date_maj` DATETIME NULL DEFAULT NULL ON UPDATE CURRENT_TIMESTAMP,
  PRIMARY KEY (`id`),
  INDEX `id_paiement_idx` (`id_paiement` ASC),
  INDEX `id_utilisateur_livreur_idx` (`id_utilisateur_livreur` ASC),
  INDEX `id_utilisateur_client_idx` (`id_utilisateur_client` ASC),
  INDEX `id_adresse_idx` (`id_adresse` ASC),
  CONSTRAINT `fk_commande_id_paiement`
    FOREIGN KEY (`id_paiement`)
    REFERENCES `pant_db`.`paiement` (`id`)
    ON DELETE CASCADE
    ON UPDATE NO ACTION,
  CONSTRAINT `fk_commande_id_utilisateur_client`
    FOREIGN KEY (`id_utilisateur_client`)
    REFERENCES `pant_db`.`utilisateur` (`id`)
    ON DELETE CASCADE
    ON UPDATE NO ACTION,
  CONSTRAINT `fk_commande_id_adresse`
    FOREIGN KEY (`id_adresse`)
    REFERENCES `pant_db`.`adresse` (`id`)
    ON DELETE SET NULL
    ON UPDATE NO ACTION,
  CONSTRAINT `fk_commande_id_utilisateur_livreur`
    FOREIGN KEY (`id_utilisateur_livreur`)
    REFERENCES `pant_db`.`utilisateur` (`id`)
    ON DELETE SET NULL
    ON UPDATE NO ACTION)
ENGINE = InnoDB;


-- -----------------------------------------------------
-- Table `pant_db`.`avis`
-- -----------------------------------------------------
DROP TABLE IF EXISTS `pant_db`.`avis` ;

CREATE TABLE IF NOT EXISTS `pant_db`.`avis` (
  `id` INT NOT NULL AUTO_INCREMENT,
  `titre` VARCHAR(45) NULL,
  `description` TEXT NULL,
  `note` INT NOT NULL,
  `id_restaurant` INT NOT NULL,
  `id_utilisateur` INT NULL,
  `id_commande` INT NULL,
  `date_creer` DATETIME NULL DEFAULT CURRENT_TIMESTAMP,
  `date_maj` DATETIME NULL DEFAULT NULL ON UPDATE CURRENT_TIMESTAMP,
  PRIMARY KEY (`id`),
  INDEX `id_restaurant_idx` (`id_restaurant` ASC),
  INDEX `id_utilisateur_idx` (`id_utilisateur` ASC),
  INDEX `id_commande_idx` (`id_commande` ASC),
  CONSTRAINT `fk_avis_id_restaurant`
    FOREIGN KEY (`id_restaurant`)
    REFERENCES `pant_db`.`restaurant` (`id`)
    ON DELETE CASCADE
    ON UPDATE NO ACTION,
  CONSTRAINT `fk_avis_id_utilisateur`
    FOREIGN KEY (`id_utilisateur`)
    REFERENCES `pant_db`.`utilisateur` (`id`)
    ON DELETE SET NULL
    ON UPDATE NO ACTION,
  CONSTRAINT `fk_avis_id_commande`
    FOREIGN KEY (`id_commande`)
    REFERENCES `pant_db`.`commande` (`id`)
    ON DELETE SET NULL
    ON UPDATE NO ACTION)
ENGINE = InnoDB;


-- -----------------------------------------------------
-- Table `pant_db`.`plat`
-- -----------------------------------------------------
DROP TABLE IF EXISTS `pant_db`.`plat` ;

CREATE TABLE IF NOT EXISTS `pant_db`.`plat` (
  `id` INT NOT NULL AUTO_INCREMENT,
  `nom` VARCHAR(45) NOT NULL,
  `description` TEXT NOT NULL,
  `prix` FLOAT NOT NULL,
  `poids` FLOAT NOT NULL,
  `stock` INT NOT NULL,
  `photo` VARCHAR(45) NULL,
  `id_restaurant` INT NOT NULL,
  `date_creer` DATETIME NULL DEFAULT CURRENT_TIMESTAMP,
  `date_maj` DATETIME NULL DEFAULT NULL ON UPDATE CURRENT_TIMESTAMP,
  PRIMARY KEY (`id`),
  INDEX `id_restaurant_idx` (`id_restaurant` ASC),
  CONSTRAINT `fk_plat_id_restaurant`
    FOREIGN KEY (`id_restaurant`)
    REFERENCES `pant_db`.`restaurant` (`id`)
    ON DELETE CASCADE
    ON UPDATE NO ACTION)
ENGINE = InnoDB;


-- -----------------------------------------------------
-- Table `pant_db`.`cuisine`
-- -----------------------------------------------------
DROP TABLE IF EXISTS `pant_db`.`cuisine` ;

CREATE TABLE IF NOT EXISTS `pant_db`.`cuisine` (
  `id` INT NOT NULL AUTO_INCREMENT,
  `nom` VARCHAR(45) NULL,
  `date_creer` DATETIME NULL DEFAULT CURRENT_TIMESTAMP,
  `date_maj` DATETIME NULL DEFAULT NULL ON UPDATE CURRENT_TIMESTAMP,
  PRIMARY KEY (`id`))
ENGINE = InnoDB;


-- -----------------------------------------------------
-- Table `pant_db`.`regime`
-- -----------------------------------------------------
DROP TABLE IF EXISTS `pant_db`.`regime` ;

CREATE TABLE IF NOT EXISTS `pant_db`.`regime` (
  `id` INT NOT NULL AUTO_INCREMENT,
  `nom` VARCHAR(45) NOT NULL,
  `date_creer` DATETIME NULL DEFAULT CURRENT_TIMESTAMP,
  `date_maj` DATETIME NULL DEFAULT NULL ON UPDATE CURRENT_TIMESTAMP,
  PRIMARY KEY (`id`))
ENGINE = InnoDB;


-- -----------------------------------------------------
-- Table `pant_db`.`commande_detail`
-- -----------------------------------------------------
DROP TABLE IF EXISTS `pant_db`.`commande_detail` ;

CREATE TABLE IF NOT EXISTS `pant_db`.`commande_detail` (
  `id` INT NOT NULL AUTO_INCREMENT,
  `id_commande` INT NOT NULL,
  `id_plat` INT NOT NULL,
  `quantite` INT NULL,
  `date_creer` DATETIME NULL DEFAULT CURRENT_TIMESTAMP,
  `date_maj` DATETIME NULL DEFAULT NULL ON UPDATE CURRENT_TIMESTAMP,
  PRIMARY KEY (`id`),
  INDEX `id_commande_idx` (`id_commande` ASC),
  INDEX `id_plat_idx` (`id_plat` ASC),
  CONSTRAINT `fk_commande_detail_id_commande`
    FOREIGN KEY (`id_commande`)
    REFERENCES `pant_db`.`commande` (`id`)
    ON DELETE NO ACTION
    ON UPDATE NO ACTION,
  CONSTRAINT `fk_commande_detail_id_plat`
    FOREIGN KEY (`id_plat`)
    REFERENCES `pant_db`.`plat` (`id`)
    ON DELETE NO ACTION
    ON UPDATE NO ACTION)
ENGINE = InnoDB;


-- -----------------------------------------------------
-- Table `pant_db`.`reserveration`
-- -----------------------------------------------------
DROP TABLE IF EXISTS `pant_db`.`reserveration` ;

CREATE TABLE IF NOT EXISTS `pant_db`.`reserveration` (
  `id` INT NOT NULL AUTO_INCREMENT,
  `id_utilisateur` INT NOT NULL,
  `id_restaurant` INT NOT NULL,
  `heure` DATETIME NOT NULL,
  `couverts` INT NOT NULL,
  `date_creer` DATETIME NULL DEFAULT CURRENT_TIMESTAMP,
  `date_maj` DATETIME NULL DEFAULT NULL ON UPDATE CURRENT_TIMESTAMP,
  PRIMARY KEY (`id`),
  INDEX `id_utilisateur_idx` (`id_utilisateur` ASC),
  INDEX `id_restaurant_idx` (`id_restaurant` ASC),
  CONSTRAINT `fk_reservation_id_utilisateur`
    FOREIGN KEY (`id_utilisateur`)
    REFERENCES `pant_db`.`utilisateur` (`id`)
    ON DELETE CASCADE
    ON UPDATE NO ACTION,
  CONSTRAINT `fk_reservation_id_restaurant`
    FOREIGN KEY (`id_restaurant`)
    REFERENCES `pant_db`.`restaurant` (`id`)
    ON DELETE CASCADE
    ON UPDATE NO ACTION)
ENGINE = InnoDB;


-- -----------------------------------------------------
-- Table `pant_db`.`utilisateur_regimes`
-- -----------------------------------------------------
DROP TABLE IF EXISTS `pant_db`.`utilisateur_regimes` ;

CREATE TABLE IF NOT EXISTS `pant_db`.`utilisateur_regimes` (
  `id` INT NOT NULL AUTO_INCREMENT,
  `id_utilisateur` INT NOT NULL,
  `id_regime` INT NOT NULL,
  `date_creer` DATETIME NULL DEFAULT CURRENT_TIMESTAMP,
  `date_maj` DATETIME NULL DEFAULT NULL ON UPDATE CURRENT_TIMESTAMP,
  PRIMARY KEY (`id`),
  INDEX `id_utilisateur_idx` (`id_utilisateur` ASC),
  CONSTRAINT `fk_utilisateur_regimes_id_regime`
    FOREIGN KEY (`id_regime`)
    REFERENCES `pant_db`.`regime` (`id`)
    ON DELETE CASCADE
    ON UPDATE NO ACTION,
  CONSTRAINT `fk_utilisateur_regimes_id_utilisateur`
    FOREIGN KEY (`id_utilisateur`)
    REFERENCES `pant_db`.`utilisateur` (`id`)
    ON DELETE CASCADE
    ON UPDATE NO ACTION)
ENGINE = InnoDB;


-- -----------------------------------------------------
-- Table `pant_db`.`plat_regimes`
-- -----------------------------------------------------
DROP TABLE IF EXISTS `pant_db`.`plat_regimes` ;

CREATE TABLE IF NOT EXISTS `pant_db`.`plat_regimes` (
  `id` INT NOT NULL AUTO_INCREMENT,
  `id_plat` INT NOT NULL,
  `id_regime` INT NOT NULL,
  `date_creer` DATETIME NULL DEFAULT CURRENT_TIMESTAMP,
  `date_maj` DATETIME NULL DEFAULT NULL ON UPDATE CURRENT_TIMESTAMP,
  PRIMARY KEY (`id`),
  INDEX `id_plat_idx` (`id_plat` ASC),
  CONSTRAINT `fk_plat_regimes_id_regime`
    FOREIGN KEY (`id_regime`)
    REFERENCES `pant_db`.`regime` (`id`)
    ON DELETE CASCADE
    ON UPDATE NO ACTION,
  CONSTRAINT `fk_plat_regimes_id_plat`
    FOREIGN KEY (`id_plat`)
    REFERENCES `pant_db`.`plat` (`id`)
    ON DELETE CASCADE
    ON UPDATE NO ACTION)
ENGINE = InnoDB;


-- -----------------------------------------------------
-- Table `pant_db`.`plat_cuisines`
-- -----------------------------------------------------
DROP TABLE IF EXISTS `pant_db`.`plat_cuisines` ;

CREATE TABLE IF NOT EXISTS `pant_db`.`plat_cuisines` (
  `id` INT NOT NULL AUTO_INCREMENT,
  `id_plat` INT NOT NULL,
  `id_cuisine` INT NOT NULL,
  `date_creer` DATETIME NULL DEFAULT CURRENT_TIMESTAMP,
  `date_maj` DATETIME NULL DEFAULT NULL ON UPDATE CURRENT_TIMESTAMP,
  PRIMARY KEY (`id`),
  INDEX `id_plat_idx` (`id_plat` ASC),
  CONSTRAINT `fk_plat_cuisines_id_cuisine`
    FOREIGN KEY (`id_cuisine`)
    REFERENCES `pant_db`.`cuisine` (`id`)
    ON DELETE CASCADE
    ON UPDATE NO ACTION,
  CONSTRAINT `fk_plat_cuisines_id_plat`
    FOREIGN KEY (`id_plat`)
    REFERENCES `pant_db`.`plat` (`id`)
    ON DELETE CASCADE
    ON UPDATE NO ACTION)
ENGINE = InnoDB;


-- -----------------------------------------------------
-- Table `pant_db`.`rapport`
-- -----------------------------------------------------
DROP TABLE IF EXISTS `pant_db`.`rapport` ;

CREATE TABLE IF NOT EXISTS `pant_db`.`rapport` (
  `id` INT NOT NULL AUTO_INCREMENT,
  `contenu` TEXT NULL,
  `id_utilisateur` INT NULL,
  `date_creer` DATETIME NULL DEFAULT CURRENT_TIMESTAMP,
  `date_maj` DATETIME NULL DEFAULT NULL ON UPDATE CURRENT_TIMESTAMP,
  PRIMARY KEY (`id`),
  INDEX `id_utilisateur_idx` (`id_utilisateur` ASC),
  CONSTRAINT `fk_rapport_id_utilisateur`
    FOREIGN KEY (`id_utilisateur`)
    REFERENCES `pant_db`.`utilisateur` (`id`)
    ON DELETE CASCADE
    ON UPDATE NO ACTION)
ENGINE = InnoDB;


-- -----------------------------------------------------
-- Table `pant_db`.`notification_type`
-- -----------------------------------------------------
DROP TABLE IF EXISTS `pant_db`.`notification_type` ;

CREATE TABLE IF NOT EXISTS `pant_db`.`notification_type` (
  `id` INT NOT NULL AUTO_INCREMENT,
  `nom` VARCHAR(45) NOT NULL,
  `date_creer` DATETIME NULL DEFAULT CURRENT_TIMESTAMP,
  `date_maj` DATETIME NULL DEFAULT NULL ON UPDATE CURRENT_TIMESTAMP,
  PRIMARY KEY (`id`))
ENGINE = InnoDB;


-- -----------------------------------------------------
-- Table `pant_db`.`notification`
-- -----------------------------------------------------
DROP TABLE IF EXISTS `pant_db`.`notification` ;

CREATE TABLE IF NOT EXISTS `pant_db`.`notification` (
  `id` INT NOT NULL AUTO_INCREMENT,
  `id_utilisateur` INT NOT NULL,
  `id_notification_type` INT NOT NULL,
  `contenu` TEXT NULL,
  `lu` BOOLEAN NOT NULL,
  `date_creer` DATETIME NULL DEFAULT CURRENT_TIMESTAMP,
  `date_maj` DATETIME NULL DEFAULT NULL ON UPDATE CURRENT_TIMESTAMP,
  PRIMARY KEY (`id`),
  INDEX `fk_notification_id_utilisateur_idx` (`id_utilisateur` ASC),
  INDEX `fk_notification_id_notification_type_idx` (`id_notification_type` ASC),
  CONSTRAINT `fk_notification_id_utilisateur`
    FOREIGN KEY (`id_utilisateur`)
    REFERENCES `pant_db`.`utilisateur` (`id`)
    ON DELETE CASCADE
    ON UPDATE NO ACTION,
  CONSTRAINT `fk_notification_id_notification_type`
    FOREIGN KEY (`id_notification_type`)
    REFERENCES `pant_db`.`notification_type` (`id`)
    ON DELETE CASCADE
    ON UPDATE NO ACTION)
ENGINE = InnoDB;


-- -----------------------------------------------------
-- Table `pant_db`.`utilisateur_adresses`
-- -----------------------------------------------------
DROP TABLE IF EXISTS `pant_db`.`utilisateur_adresses` ;

CREATE TABLE IF NOT EXISTS `pant_db`.`utilisateur_adresses` (
  `id` INT NOT NULL AUTO_INCREMENT,
  `id_utilisateur` INT NOT NULL,
  `id_adresse` INT NOT NULL,
  `defaut` BOOLEAN NOT NULL,
  `date_creer` DATETIME NULL DEFAULT CURRENT_TIMESTAMP,
  `date_maj` DATETIME NULL DEFAULT NULL ON UPDATE CURRENT_TIMESTAMP,
  PRIMARY KEY (`id`),
  INDEX `id_adresse_idx` (`id_adresse` ASC),
  CONSTRAINT `fk_utilisateur_adresses_id_utilisateur`
    FOREIGN KEY (`id_utilisateur`)
    REFERENCES `pant_db`.`utilisateur` (`id`)
    ON DELETE CASCADE
    ON UPDATE NO ACTION,
  CONSTRAINT `fk_utilisateur_adresses_id_adresse`
    FOREIGN KEY (`id_adresse`)
    REFERENCES `pant_db`.`adresse` (`id`)
    ON DELETE CASCADE
    ON UPDATE NO ACTION)
ENGINE = InnoDB;


-- -----------------------------------------------------
-- Table `pant_db`.`login`
-- -----------------------------------------------------
DROP TABLE IF EXISTS `pant_db`.`login` ;

CREATE TABLE IF NOT EXISTS `pant_db`.`login` (
  `id_utilisateur` INT NOT NULL,
  `login` VARCHAR(45) NOT NULL,
  `mot_de_passe` VARCHAR(45) NOT NULL,
  `date_creer` DATETIME NULL DEFAULT CURRENT_TIMESTAMP,
  `date_maj` DATETIME NULL DEFAULT NULL ON UPDATE CURRENT_TIMESTAMP,
  PRIMARY KEY (`id_utilisateur`),
  CONSTRAINT `fk_login_id_utilisateur`
    FOREIGN KEY (`id_utilisateur`)
    REFERENCES `pant_db`.`utilisateur` (`id`)
    ON DELETE CASCADE
    ON UPDATE NO ACTION)
ENGINE = InnoDB;


-- -----------------------------------------------------
-- Table `pant_db`.`action`
-- -----------------------------------------------------
DROP TABLE IF EXISTS `pant_db`.`action` ;

CREATE TABLE IF NOT EXISTS `pant_db`.`action` (
  `id` INT NOT NULL AUTO_INCREMENT,
  `nom` VARCHAR(45) NOT NULL,
  `date_creer` DATETIME NULL DEFAULT CURRENT_TIMESTAMP,
  `date_maj` DATETIME NULL DEFAULT NULL ON UPDATE CURRENT_TIMESTAMP,
  PRIMARY KEY (`id`))
ENGINE = InnoDB;


-- -----------------------------------------------------
-- Table `pant_db`.`log`
-- -----------------------------------------------------
DROP TABLE IF EXISTS `pant_db`.`log` ;

CREATE TABLE IF NOT EXISTS `pant_db`.`log` (
  `id` INT NOT NULL AUTO_INCREMENT,
  `parametre` JSON NULL,
  `id_action` INT NULL,
  `id_utilisateur` INT NULL,
  `date_creer` DATETIME NULL DEFAULT CURRENT_TIMESTAMP,
  `date_maj` DATETIME NULL DEFAULT NULL ON UPDATE CURRENT_TIMESTAMP,
  PRIMARY KEY (`id`),
  INDEX `id_action_idx` (`id_action` ASC),
  INDEX `id_utilisateur_idx` (`id_utilisateur` ASC),
  CONSTRAINT `fk_log_id_action`
    FOREIGN KEY (`id_action`)
    REFERENCES `pant_db`.`action` (`id`)
    ON DELETE CASCADE
    ON UPDATE NO ACTION,
  CONSTRAINT `fk_log_id_utilisateur`
    FOREIGN KEY (`id_utilisateur`)
    REFERENCES `pant_db`.`utilisateur` (`id`)
    ON DELETE CASCADE
    ON UPDATE NO ACTION)
ENGINE = InnoDB;


-- -----------------------------------------------------
-- Table `pant_db`.`statut`
-- -----------------------------------------------------
DROP TABLE IF EXISTS `pant_db`.`statut` ;

CREATE TABLE IF NOT EXISTS `pant_db`.`statut` (
  `id` INT NOT NULL AUTO_INCREMENT,
  `nom` VARCHAR(45) NOT NULL,
  `date_creer` DATETIME NULL DEFAULT CURRENT_TIMESTAMP,
  `date_maj` DATETIME NULL DEFAULT NULL ON UPDATE CURRENT_TIMESTAMP,
  PRIMARY KEY (`id`))
ENGINE = InnoDB;


-- -----------------------------------------------------
-- Table `pant_db`.`commande_statuts`
-- -----------------------------------------------------
DROP TABLE IF EXISTS `pant_db`.`commande_statuts` ;

CREATE TABLE IF NOT EXISTS `pant_db`.`commande_statuts` (
  `id` INT NOT NULL AUTO_INCREMENT,
  `id_commande` INT NOT NULL,
  `id_statut` INT NOT NULL,
  `commentaire` LONGTEXT NULL,
  `longitude` DOUBLE NULL,
  `lattitude` DOUBLE NULL,
  `date_creer` DATETIME NULL DEFAULT CURRENT_TIMESTAMP,
  `date_maj` DATETIME NULL DEFAULT NULL ON UPDATE CURRENT_TIMESTAMP,
  PRIMARY KEY (`id`),
  INDEX `id_statut_idx` (`id_statut` ASC),
  CONSTRAINT `fk_commande_statuts_id_commande`
    FOREIGN KEY (`id_commande`)
    REFERENCES `pant_db`.`commande` (`id`)
    ON DELETE CASCADE
    ON UPDATE NO ACTION,
  CONSTRAINT `fk_commande_statuts_id_statut`
    FOREIGN KEY (`id_statut`)
    REFERENCES `pant_db`.`statut` (`id`)
    ON DELETE CASCADE
    ON UPDATE NO ACTION)
ENGINE = InnoDB;


-- -----------------------------------------------------
-- Table `pant_db`.`offre`
-- -----------------------------------------------------
DROP TABLE IF EXISTS `pant_db`.`offre` ;

CREATE TABLE IF NOT EXISTS `pant_db`.`offre` (
  `id` INT NOT NULL AUTO_INCREMENT,
  `utilisations_restante` INT NULL DEFAULT NULL,
  `additif` FLOAT NULL,
  `multiplicative` FLOAT NULL,
  `date_debut` DATETIME NOT NULL,
  `date_fin` DATETIME NOT NULL,
  `id_commande` INT NULL,
  `id_utilisateur` INT NULL,
  `id_plat` INT NULL,
  `id_restaurant` INT NULL,
  `date_creer` DATETIME NULL DEFAULT CURRENT_TIMESTAMP,
  `date_maj` DATETIME NULL DEFAULT NULL ON UPDATE CURRENT_TIMESTAMP,
  PRIMARY KEY (`id`),
  INDEX `id_commande_idx` (`id_commande` ASC),
  INDEX `id_utilistateur_idx` (`id_utilisateur` ASC),
  INDEX `id_plat_idx` (`id_plat` ASC),
  INDEX `id_restaurant_idx` (`id_restaurant` ASC),
  CONSTRAINT `fk_offre_id_commande`
    FOREIGN KEY (`id_commande`)
    REFERENCES `pant_db`.`commande` (`id`)
    ON DELETE SET NULL
    ON UPDATE NO ACTION,
  CONSTRAINT `fk_offre_id_utilisateur`
    FOREIGN KEY (`id_utilisateur`)
    REFERENCES `pant_db`.`utilisateur` (`id`)
    ON DELETE SET NULL
    ON UPDATE NO ACTION,
  CONSTRAINT `fk_offre_id_plat`
    FOREIGN KEY (`id_plat`)
    REFERENCES `pant_db`.`plat` (`id`)
    ON DELETE SET NULL
    ON UPDATE NO ACTION,
  CONSTRAINT `fk_offre_id_restaurant`
    FOREIGN KEY (`id_restaurant`)
    REFERENCES `pant_db`.`restaurant` (`id`)
    ON DELETE SET NULL
    ON UPDATE NO ACTION)
ENGINE = InnoDB;


-- -----------------------------------------------------
-- Table `pant_db`.`promotion`
-- -----------------------------------------------------
DROP TABLE IF EXISTS `pant_db`.`promotion` ;

CREATE TABLE IF NOT EXISTS `pant_db`.`promotion` (
  `id` INT NOT NULL AUTO_INCREMENT,
  `date_debut` DATETIME NOT NULL,
  `date_fin` DATETIME NOT NULL,
  `date_creer` DATETIME NULL DEFAULT CURRENT_TIMESTAMP,
  `date_maj` DATETIME NULL DEFAULT NULL ON UPDATE CURRENT_TIMESTAMP,
  PRIMARY KEY (`id`))
ENGINE = InnoDB;


-- -----------------------------------------------------
-- Table `pant_db`.`plat_promotions`
-- -----------------------------------------------------
DROP TABLE IF EXISTS `pant_db`.`plat_promotions` ;

CREATE TABLE IF NOT EXISTS `pant_db`.`plat_promotions` (
  `id` INT NOT NULL AUTO_INCREMENT,
  `id_plat` INT NOT NULL,
  `id_promotion` INT NOT NULL,
  `date_creer` DATETIME NULL DEFAULT CURRENT_TIMESTAMP,
  `date_maj` DATETIME NULL DEFAULT NULL ON UPDATE CURRENT_TIMESTAMP,
  PRIMARY KEY (`id`),
  INDEX `id_promotion_idx` (`id_promotion` ASC),
  CONSTRAINT `fk_plat_promotions_id_plat`
    FOREIGN KEY (`id_plat`)
    REFERENCES `pant_db`.`plat` (`id`)
    ON DELETE CASCADE
    ON UPDATE NO ACTION,
  CONSTRAINT `fk_plat_promotions_id_promotion`
    FOREIGN KEY (`id_promotion`)
    REFERENCES `pant_db`.`promotion` (`id`)
    ON DELETE CASCADE
    ON UPDATE NO ACTION)
ENGINE = InnoDB;


-- -----------------------------------------------------
-- Table `pant_db`.`commande_offres`
-- -----------------------------------------------------
DROP TABLE IF EXISTS `pant_db`.`commande_offres` ;

CREATE TABLE IF NOT EXISTS `pant_db`.`commande_offres` (
  `id` INT NOT NULL AUTO_INCREMENT,
  `id_commande` INT NOT NULL,
  `id_offre` INT NOT NULL,
  `date_creer` DATETIME NULL DEFAULT CURRENT_TIMESTAMP,
  `date_maj` DATETIME NULL DEFAULT NULL ON UPDATE CURRENT_TIMESTAMP,
  PRIMARY KEY (`id`),
  INDEX `id_offre_idx` (`id_offre` ASC),
  CONSTRAINT `fk_commande_offres_id_commande`
    FOREIGN KEY (`id_commande`)
    REFERENCES `pant_db`.`commande` (`id`)
    ON DELETE CASCADE
    ON UPDATE NO ACTION,
  CONSTRAINT `fk_commande_offres_id_offre`
    FOREIGN KEY (`id_offre`)
    REFERENCES `pant_db`.`offre` (`id`)
    ON DELETE CASCADE
    ON UPDATE NO ACTION)
ENGINE = InnoDB;


SET SQL_MODE=@OLD_SQL_MODE;
SET FOREIGN_KEY_CHECKS=@OLD_FOREIGN_KEY_CHECKS;
SET UNIQUE_CHECKS=@OLD_UNIQUE_CHECKS;

INSERT INTO `pant_db`.`role` (`nom`) VALUES  
    ('Admin'),
    ('Client'),
    ('Restaurateur'),
    ('Livreur');

INSERT INTO `pant_db`.`statut` (`nom`) VALUES
    ('En attente'),
    ('En cours'),
    ('Livré'),
    ('Annulé');

INSERT INTO `pant_db`.`paiement_type` (`nom`) VALUES
    ('Carte de crédit'),
    ('PayPal'),
    ('Virement bancaire'),
    ('Espèces');

INSERT INTO `pant_db`.`ville` (`nom`, `code_postal`) VALUES
    ('Rennes', '35000'),
    ('Nantes', '44000'),
    ('Brest', '29200'),
    ('Lorient', '56100'),
    ('Quimper', '29000'),
    ('Saint-Malo', '35400'),
    ('Lannion', '22300');

INSERT INTO `pant_db`.`adresse` (`numero`, `rue`, `complement`, `longitude`, `latitude`, `id_ville`) VALUES
    ('10', 'Rue de la République', NULL, -1.6780, 48.1118, 1),  -- Rennes
    ('25', 'Avenue Jean Jaurès', 'Bâtiment A', -1.6342, 48.1148, 1),
    ('5', 'Rue de la Gare', NULL, -1.6714, 48.1112, 1),
    ('3', 'Boulevard de la Liberté', NULL, -1.6682, 48.1087, 1),
    ('8', 'Rue du Général de Gaulle', NULL, -1.6544, 48.1099, 1),
    ('15', 'Avenue de la Cohue', NULL, -1.6576, 48.1072, 1),
    ('7', 'Impasse du Puy', NULL, -1.6519, 48.1136, 1),
    ('18', 'Allée des Chênes', 'Résidence Les Chênes', -1.6795, 48.1124, 1),
    ('12', 'Rue du Docteur Germain', NULL, -1.6705, 48.1157, 1),
    ('20', 'Rue de l’Horloge', NULL, -1.6445, 48.1073, 1),
    ('32', 'Rue des Ecoles', NULL, -1.6742, 48.1070, 1),
    ('1', 'Place des Lices', NULL, -1.6740, 48.1133, 1),
    ('14', 'Rue de l’Égalité', NULL, -1.5541, 47.2184, 2),  -- Nantes
    ('21', 'Boulevard des Anglais', NULL, -1.5495, 47.2165, 2),
    ('30', 'Rue de Strasbourg', NULL, -1.5522, 47.2206, 2),
    ('9', 'Avenue des États-Unis', NULL, -1.5582, 47.2173, 2),
    ('16', 'Impasse des Grands Moulins', NULL, -1.5608, 47.2134, 2),
    ('28', 'Rue de la Fosse', NULL, -1.5524, 47.2182, 2),
    ('4', 'Place Royale', NULL, -1.5575, 47.2153, 2),
    ('33', 'Avenue de la République', NULL, -1.5598, 47.2158, 2),
    ('11', 'Rue des Halles', NULL, -4.5004, 48.3884, 3),  -- Brest
    ('17', 'Avenue Léon Blum', NULL, -4.4879, 48.3900, 3),
    ('2', 'Boulevard de l’Europe', NULL, -4.4920, 48.3880, 3),
    ('24', 'Rue du Port', NULL, -4.4900, 48.3909, 3),
    ('13', 'Rue du Châtel', NULL, -4.4940, 48.3878, 3),
    ('19', 'Rue des Nefs', NULL, -3.3721, 47.7484, 4),  -- Lorient
    ('29', 'Avenue du Général Leclerc', NULL, -3.3840, 47.7455, 4),
    ('22', 'Place de la Paix', NULL, -3.3676, 47.7480, 4),
    ('6', 'Boulevard de la République', NULL, -3.3749, 47.7473, 4),
    ('23', 'Rue du Général de Gaulle', NULL, -4.0962, 47.9975, 5),  -- Quimper
    ('31', 'Rue de la Poste', NULL, -4.0950, 48.0000, 5),
    ('26', 'Avenue de la Gare', NULL, -4.0968, 47.9965, 5),
    ('34', 'Avenue du 8 Mai 1945', NULL, -2.0072, 48.6500, 6),  -- Saint-Malo
    ('35', 'Rue des Moulins', NULL, -2.0078, 48.6470, 6),
    ('36', 'Boulevard de la Mer', NULL, -2.0130, 48.6480, 6),
    ('37', 'Rue de la Libération', NULL, -3.5533, 48.7330, 7),  -- Lannion
    ('38', 'Avenue du Général de Gaulle', NULL, -3.5515, 48.7310, 7),
    ('39', 'Place du Général de Gaulle', NULL, -3.5525, 48.7300, 7),
    ('40', 'Rue du Parc', NULL, -3.5508, 48.7320, 7),
    ('41', 'Rue des Écoles', NULL, -3.5540, 48.7340, 7),
    ('42', 'Avenue des Frères Lumière', NULL, -3.5520, 48.7305, 7),
    ('43', 'Rue de la Plage', NULL, -3.5530, 48.7330, 7),
    ('44', 'Chemin des Vignes', NULL, -3.5500, 48.7315, 7),
    ('45', 'Impasse des Bateaux', NULL, -3.5527, 48.7345, 7),
    ('46', 'Avenue de la Mer', NULL, -3.5545, 48.7350, 7),
    ('47', 'Rue du Faubourg', NULL, -3.5512, 48.7342, 7),
    ('48', 'Rue de la Fontaine', NULL, -3.5534, 48.7303, 7),
    ('49', 'Allée des Pommiers', NULL, -3.5506, 48.7332, 7),
    ('50', 'Rue des Acacias', NULL, -3.5522, 48.7318, 7),
    ('15', 'Rue de la Liberté', NULL, -1.6783, 48.1120, 1),  -- Rennes
    ('9', 'Avenue de la Paix', NULL, -1.6790, 48.1130, 1),
    ('11', 'Rue des Fleurs', NULL, -1.6755, 48.1105, 1),
    ('2', 'Boulevard des Martyrs', NULL, -1.6721, 48.1101, 1),
    ('4', 'Allée des Lilas', NULL, -1.6600, 48.1115, 1),
    ('12', 'Chemin de l’Étang', 'Résidence Les Acacias', -1.6730, 48.1128, 1),
    ('22', 'Rue de la Mer', NULL, -1.6500, 48.1102, 1),
    ('19', 'Avenue de la Plage', NULL, -1.6805, 48.1125, 1),
    ('1', 'Rue des Jardins', NULL, -1.6610, 48.1080, 1),
    ('27', 'Place des Fêtes', NULL, -1.6700, 48.1092, 1),
    ('8', 'Rue de la Montagne', NULL, -1.5580, 47.2200, 2),  -- Nantes
    ('10', 'Avenue des Sports', NULL, -1.5550, 47.2195, 2),
    ('14', 'Rue des Acacias', NULL, -1.5625, 47.2210, 2),
    ('3', 'Boulevard de la Réserve', NULL, -1.5570, 47.2208, 2),
    ('18', 'Allée des Érables', NULL, -1.5600, 47.2185, 2),
    ('26', 'Rue du Bonheur', NULL, -1.5590, 47.2175, 2),
    ('30', 'Avenue du Parc', NULL, -1.5500, 47.2145, 2),
    ('35', 'Place des Halles', NULL, -1.5525, 47.2150, 2),
    ('41', 'Boulevard des Artisans', NULL, -4.5004, 48.3884, 3),  -- Brest
    ('5', 'Rue des Marins', NULL, -4.4880, 48.3920, 3),
    ('20', 'Avenue du Port', NULL, -4.4930, 48.3895, 3),
    ('25', 'Place des Oiseaux', NULL, -4.4910, 48.3910, 3);

INSERT INTO `pant_db`.`vehicule_type` (`nom`) VALUES
    ('Vélo'),
    ('Scooter'),
    ('Voiture');

INSERT INTO `pant_db`.`vehicule` (`nom`, `id_vehicule_type`) VALUES
    ('Trek Domane SL 7', 1),
    ('Specialized Stumpjumper', 1),
    ('Gazelle Ultimate C380', 1),
    ('Yamaha NMAX 125', 2),
    ('Honda PCX 150', 2),
    ('Xiaomi Mi Electric Scooter', 2),
    ('Peugeot 208', 3),
    ('Renault Scénic', 3),
    ('Porsche 911', 3),
    ('Tesla Model 3', 3),
    ('Toyota Prius', 3),
    ('Mercedes-Benz S-Class', 3);
    
INSERT INTO `pant_db`.`regime` (`nom`) VALUES
    ('Végétarien'),
    ('Vegan'),
    ('Sans gluten'),
    ('Halal'),
    ('Casher'),
    ('Paleo'),
    ('Cétogène'),
    ('Régime méditerranéen');

INSERT INTO `pant_db`.`utilisateur` (`prenom`, `nom`, `tel_mobile`, `tel_fix`, `mail`, `parametre`, `points_fidelite`, `id_role`, `id_vehicule`) VALUES
    ('Paul', '', '9673456795', NULL, 'paul@mail.com', '{}', 0, 1, NULL),
    ('Timothée', '', '7893456794', NULL, 'timothee@mail.com', '{}', 0, 1, NULL),
    ('Nicolas', '', '2934578043', NULL, 'nicolas@mail.com', '{}', 0, 1, NULL),
    ('Arthur', '', '0293458676', NULL, 'arthur@mail.com', '{}', 0, 1, NULL),
    ('John', 'Doe', '1234567890', '0987654321', 'johndoe@example.com', '{}', 100, 2, NULL),
    ('Emma', 'Johnson', '1112223333', '4445556666', 'emmajohnson@example.com', '{}', 0, 2, NULL),
    ('Liam', 'Williams', '2223334444', '5556667777', 'liamwilliams@example.com', '{}', 0, 2, NULL),
    ('Olivia', 'Jones', '3334445555', '6667778888', 'oliviajones@example.com', '{}', 0, 2, NULL),
    ('Noah', 'Brown', '4445556666', '7778889999', 'noahbrown@example.com', '{}', 0, 2, NULL),
    ('Sophia', 'Garcia', '5556667777', '8889990000', 'sophiagarcia@example.com', '{}', 0, 2, NULL),
    ('Mason', 'Martinez', '6667778888', '9990001111', 'masonmartinez@example.com', '{}', 0, 2, NULL),
    ('Ava', 'Lopez', '7778889999', '0001112222', 'avalopez@example.com', '{}', 0, 2, NULL),
    ('Ethan', 'Wilson', '8889990000', '1112223333', 'ethanwilson@example.com', '{}', 0, 2, NULL),
    ('Isabella', 'Anderson', '9990001111', '2223334444', 'isabellaanderson@example.com', '{}', 0, 3, NULL),
    ('James', 'Thomas', '0001112222', '3334445555', 'jamesthomas@example.com', '{}', 0, 3, NULL),
    ('Charlotte', 'Taylor', '1112223333', '4445556666', 'charlottetaylor@example.com', '{}', 0, 3, NULL),
    ('Benjamin', 'Moore', '2223334444', '5556667777', 'benjaminmoore@example.com', '{}', 0, 3, NULL),
    ('Sophia', 'Chen', '9876543210', '1231231234', 'sophia.chen@example.com', '{}', 0, 3, NULL),
    ('David', 'Nguyen', '6543210987', '4321432143', 'david.nguyen@example.com', '{}', 0, 3, NULL),
    ('Emily', 'Kim', '3210987654', '8765432109', 'emily.kim@example.com', '{}', 0, 3, NULL),
    ('Daniel', 'Hernandez', '4567890123', '2345678901', 'daniel.hernandez@example.com', '{}', 0, 3, NULL),
    ('Ava', 'Martinez', '7890123456', '3456789012', 'ava.martinez@example.com', '{}', 0, 3, NULL),
    ('Oliver', 'Garcia', '0987654321', '6789012345', 'oliver.garcia@example.com', '{}', 0, 3, NULL),
    ('Ella', 'Patel', '2345678901', '7890123456', 'ella.patel@example.com', '{}', 0, 3, NULL),
    ('Mia', 'Jackson', '3334445555', '6668889999', 'miajackson@example.com', '{}', 0, 4, 3),
    ('Lucas', 'Martin', '4445556666', '7779990000', 'lucasmartin@example.com', '{}', 0, 4, 2),
    ('Harper', 'Lee', '5556667777', '8880001111', 'harperlee@example.com', '{}', 0, 4, 1),
    ('Alice', 'Brown', '5555555555', '4444444444', 'alicebrown@example.com', '{}', 4, 4, 4);

INSERT INTO `pant_db`.`login` (`id_utilisateur`, `login`, `mot_de_passe`) VALUES
    (1, 'paul', 'password123'),
    (2, 'timothee', 'password123'),
    (3, 'nicolas', 'password123'),
    (4, 'arthur', 'password123'),
    (5, 'johndoe', 'password123'),
    (6, 'emmajohnson', 'password123'),
    (7, 'liamwilliams', 'password123'),
    (8, 'oliviajones', 'password123'),
    (9, 'noahbrown', 'password123'),
    (10, 'sophiagarcia', 'password123'),
    (11, 'masonmartinez', 'password123'),
    (12, 'avalopez', 'password123'),
    (13, 'ethanwilson', 'password123'),
    (14, 'isabellaanderson', 'password123'),
    (15, 'jamesthomas', 'password123'),
    (16, 'charlottetaylor', 'password123'),
    (17, 'benjaminmoore', 'password123'),
    (18, 'sophiachen', 'password123'),
    (19, 'davidnguyen', 'password123'),
    (20, 'emilykim', 'password123'),
    (21, 'danielhernandez', 'password123'),
    (22, 'avamartinez', 'password123'),
    (23, 'olivergarcia', 'password123'),
    (24, 'ellapatel', 'password123'),
    (25, 'miajackson', 'password123'),
    (26, 'lucasmartin', 'password123'),
    (27, 'harperlee', 'password123'),
    (28, 'alicebrown', 'password123');

INSERT INTO `pant_db`.`utilisateur_adresses` (`id_utilisateur`, `id_adresse`, `defaut`) VALUES
    (1, 5, TRUE),
    (1, 10, FALSE),
    (2, 11, TRUE),
    (2, 12, FALSE),
    (3, 13, TRUE),
    (3, 14, FALSE),
    (4, 15, TRUE),
    (5, 16, TRUE),
    (6, 17, TRUE),
    (6, 18, FALSE),
    (7, 19, TRUE),
    (8, 20, TRUE),
    (9, 21, TRUE),
    (10, 22, TRUE),
    (11, 23, TRUE),
    (12, 24, TRUE),
    (13, 25, TRUE),
    (14, 26, TRUE),
    (15, 27, TRUE),
    (16, 28, TRUE),
    (17, 29, TRUE),
    (18, 30, TRUE),
    (18, 31, FALSE),
    (19, 32, TRUE),
    (19, 33, FALSE),
    (20, 34, TRUE),
    (21, 35, TRUE),
    (21, 36, FALSE);

INSERT INTO `pant_db`.`restaurant` (`nom`, `telephone`, `capacite`, `photo`, `id_adresse`, `id_restaurateur`) VALUES
    ('Le Gourmet', '0298765432', 50, '001.jpg', 41, 1),
    ('Bistro Parisien', '0298765433', 30, '002.jpg', 42, 5),
    ('Pizzeria Bella', '0298765434', 70, '003.jpg', 43, 8),
    ('Sushi House', '0298765435', 40, '004.jpg', 44, 12),
    ('Café Central', '0298765436', 60, '005.jpg', 45, 14),
    ('Le Petit Déjeuner', '0298765437', 35, '006.jpg', 46, 16),
    ('Steak & Grill', '0298765438', 80, '007.jpg', 47, 17),
    ('Vins & Fromages', '0298765439', 25, '008.jpg', 48, 18),
    ('Pâtisserie Sucrée', '0298765440', 20, '009.jpg', 49, 20),
    ('Tacos Fiesta', '0298765441', 45, '010.jpg', 50, 21),
    ('Burgers & Co.', '0298765442', 90, '001.jpg', 51, 22),
    ('La Brasserie', '0298765443', 55, '002.jpg', 52, 23);


INSERT INTO `pant_db`.`cuisine` (`nom`) VALUES
    ('Française'),
    ('Italienne'),
    ('Japonaise'),
    ('Mexicaine'),
    ('Américaine'),
    ('Chinoise'),
    ('Indienne'),
    ('Espagnole');


INSERT INTO `pant_db`.`plat` (`nom`, `description`, `prix`, `poids`, `stock`, `photo`, `id_restaurant`) VALUES
    -- Plats pour Le Gourmet
    ('Coq au Vin', 'Poulet mijoté au vin rouge', 15.50, 0.75, 100, 'coq_au_vin.jpg', 1),
    ('Ratatouille', 'Légumes de saison cuisinés', 12.00, 0.5, 80, 'ratatouille.jpg', 1),
    ('Boeuf Bourguignon', 'Boeuf mijoté au vin rouge', 18.00, 0.9, 50, 'boeuf_bourguignon.jpg', 1),
    ('Crème Brûlée', 'Dessert à la vanille caramélisé', 6.50, 0.2, 40, 'creme_brulee.jpg', 1),
    ('Croque Monsieur', 'Sandwich chaud au fromage et jambon', 8.50, 0.3, 120, 'croque_monsieur.jpg', 2),
    ('Soupe à l’Oignon', 'Soupe traditionnelle à l’oignon', 7.50, 0.4, 100, 'soupe_oignon.jpg', 2),
    ('Salade Niçoise', 'Salade de légumes frais et thon', 9.00, 0.5, 90, 'salade_nicoise.jpg', 2),
    ('Tarte Tatin', 'Tarte aux pommes caramélisées', 5.00, 0.25, 60, 'tarte_tatin.jpg', 2),
    ('Margherita', 'Pizza classique tomate et mozzarella', 10.00, 0.5, 100, 'pizza_margherita.jpg', 3),
    ('Pepperoni', 'Pizza avec pepperoni', 12.00, 0.6, 80, 'pizza_pepperoni.jpg', 3),
    ('Quattro Stagioni', 'Pizza avec quatre garnitures', 14.00, 0.7, 70, 'pizza_quattro_stagioni.jpg', 3),
    ('Calzone', 'Pizza pliée avec garniture', 11.50, 0.5, 90, 'calzone.jpg', 3),
    ('California Roll', 'Sushi avec crabe et avocat', 8.50, 0.3, 120, 'california_roll.jpg', 4),
    ('Sashimi', 'Tranches de poisson cru', 12.00, 0.2, 80, 'sashimi.jpg', 4),
    ('Nigiri', 'Sushi avec riz et poisson', 10.00, 0.25, 90, 'nigiri.jpg', 4),
    ('Tempura', 'Légumes frits en pâte', 9.00, 0.4, 100, 'tempura.jpg', 4),
    ('Café Crème', 'Café avec crème', 3.50, 0.15, 200, 'cafe_creme.jpg', 5),
    ('Quiche Lorraine', 'Tarte salée aux lardons', 7.50, 0.4, 150, 'quiche_lorraine.jpg', 5),
    ('Gâteau au Chocolat', 'Gâteau moelleux au chocolat', 5.00, 0.25, 80, 'gateau_chocolat.jpg', 5),
    ('Tartine', 'Pain grillé avec garniture', 4.00, 0.2, 120, 'tartine.jpg', 5),
    ('Omelette', 'Omelette classique', 5.50, 0.25, 100, 'omelette.jpg', 6),
    ('Pancakes', 'Pancakes avec sirop d’érable', 6.50, 0.3, 90, 'pancakes.jpg', 6),
    ('Smoothie Bowl', 'Bol de smoothie avec fruits', 7.00, 0.4, 80, 'smoothie_bowl.jpg', 6),
    ('Granola', 'Mélange de céréales et fruits', 4.00, 0.2, 110, 'granola.jpg', 6),
    ('Steak Frites', 'Steak grillé avec frites', 20.00, 1.0, 60, 'steak_frites.jpg', 7),
    ('Ribs BBQ', 'Côtes levées au barbecue', 22.00, 1.2, 50, 'ribs_bqq.jpg', 7),
    ('Burger Classique', 'Burger avec viande, fromage, salade', 15.00, 0.4, 70, 'burger_classique.jpg', 7),
    ('Salade César', 'Salade romaine avec poulet', 10.00, 0.3, 80, 'salade_cesar.jpg', 7),
    ('Plateau de Fromages', 'Assortiment de fromages locaux', 18.00, 0.5, 50, 'plateau_fromages.jpg', 8),
    ('Vin Rouge', 'Sélection de vin rouge', 12.00, 0.75, 90, 'vin_rouge.jpg', 8),
    ('Tartines de Fromage', 'Pain avec fromage varié', 6.00, 0.25, 100, 'tartines_fromage.jpg', 8),
    ('Soupe de Fromage', 'Soupe crémeuse au fromage', 8.00, 0.5, 80, 'soupe_fromage.jpg', 8),
    ('Éclair au Chocolat', 'Pâtisserie fourrée au chocolat', 4.50, 0.1, 150, 'eclair_chocolat.jpg', 9),
    ('Macaron', 'Pâtisserie à base d’amande', 1.50, 0.02, 200, 'macaron.jpg', 9),
    ('Tarte aux Fruits', 'Tarte aux fruits de saison', 5.50, 0.3, 130, 'tarte_fruits.jpg', 9),
    ('Mille-Feuille', 'Dessert à la crème pâtissière', 6.00, 0.25, 140, 'mille_feuille.jpg', 9),
    ('Tacos au Poulet', 'Tacos avec poulet grillé', 7.50, 0.3, 110, 'tacos_poulet.jpg', 10),
    ('Tacos Végétariens', 'Tacos avec légumes', 6.50, 0.25, 120, 'tacos_vegetariens.jpg', 10),
    ('Nachos', 'Tortilla avec fromage et salsa', 8.00, 0.5, 100, 'nachos.jpg', 10),
    ('Burrito', 'Burrito garni de viande', 9.50, 0.6, 90, 'burrito.jpg', 10),
    ('Cheeseburger', 'Burger avec fromage', 10.00, 0.4, 100, 'cheeseburger.jpg', 11),
    ('Fried Chicken', 'Poulet frit croustillant', 12.00, 0.5, 80, 'fried_chicken.jpg', 11),
    ('Onion Rings', 'Anneaux d’oignon frits', 5.00, 0.3, 90, 'onion_rings.jpg', 11),
    ('Milkshake', 'Boisson crémeuse au lait', 4.00, 0.4, 100, 'milkshake.jpg', 11),
    ('Choucroute', 'Plat traditionnel de choucroute', 14.00, 0.8, 60, 'choucroute.jpg', 12),
    ('Baeckeoffe', 'Plat alsacien de viande', 16.00, 1.0, 50, 'baeckeoffe.jpg', 12),
    ('Tarte Flambée', 'Tarte fine avec crème et oignons', 11.00, 0.5, 70, 'tarte_flambee.jpg', 12),
    ('Flammekueche', 'Pâte fine garnie', 12.50, 0.6, 80, 'flammekueche.jpg', 12);

INSERT INTO `pant_db`.`plat_cuisines` (`id_plat`, `id_cuisine`) VALUES
    (1, 1),
    (1, 7),
    (2, 1),
    (3, 1),
    (4, 1),
    (5, 1),
    (6, 1),
    (7, 1),
    (8, 1),
    (9, 2),
    (9, 1),
    (10, 2),
    (11, 2),
    (12, 2),
    (13, 3),
    (14, 3),
    (15, 3),
    (16, 3),
    (17, 1),
    (18, 1),
    (19, 1),
    (20, 1),
    (21, 1),
    (22, 1),
    (23, 1),
    (24, 1),
    (25, 1),
    (26, 1),
    (27, 1),
    (28, 1),
    (29, 1),
    (30, 1),
    (31, 1),
    (32, 1),
    (33, 1),
    (34, 1),
    (35, 1),
    (36, 1),
    (37, 4),
    (38, 4),
    (39, 4),
    (40, 4),
    (41, 5),
    (42, 5),
    (43, 5),
    (44, 5),
    (45, 1),
    (46, 1),
    (47, 1),
    (48, 1);

INSERT INTO `pant_db`.`plat_regimes` (`id_plat`, `id_regime`) VALUES
    (1, 1),
    (1, 2),
    (2, 1),
    (2, 3),
    (3, 1),
    (4, 2),
    (5, 4),
    (5, 5),
    (6, 3),
    (7, 6),
    (8, 7),
    (9, 8),
    (10, 1),
    (11, 2),
    (12, 4),
    (13, 5),
    (14, 1),
    (15, 3),
    (16, 6),
    (17, 7),
    (18, 2),
    (19, 8),
    (20, 1),
    (21, 3),
    (22, 2),
    (23, 5),
    (24, 6),
    (25, 4),
    (26, 8),
    (27, 1),
    (28, 2),
    (29, 6),
    (30, 5),
    (31, 1),
    (32, 4),
    (33, 3),
    (34, 7),
    (35, 8),
    (36, 1),
    (37, 2),
    (38, 3),
    (39, 4),
    (40, 5),
    (41, 6),
    (42, 7),
    (43, 8);
